State/ UT,District/ Area,Total Crimes against Women,Crime_Probability,District_Score,Normalized_Score
Andhra Pradesh,Anantapur,952.0,0.0298788525516289,10273.0,0.027045598146588037
Andhra Pradesh,Chittoor,366.0,0.011487037850731279,4326.0,0.011389005897219882
Andhra Pradesh,Cuddapah,690.0,0.021655891030067164,8083.0,0.021280012636899746
Andhra Pradesh,East Godavari,1438.0,0.04513213232063273,17571.0,0.04625895113732098
Andhra Pradesh,Guntakal Railway,1.0,3.1385349318937917e-05,20.0,5.265374894692502e-05
Andhra Pradesh,Guntur,1325.0,0.041585587847592746,15667.0,0.04124631423757372
Andhra Pradesh,Guntur Urban,874.0,0.027430795304751742,10057.0,0.026476937657961247
Andhra Pradesh,Krishna,1387.0,0.04353147950536689,16648.0,0.04382898062342039
Andhra Pradesh,Kurnool,1719.0,0.053951415479254285,18641.0,0.04907592670598147
Andhra Pradesh,Nellore,1063.0,0.03336262632603101,13282.0,0.03496735467565291
Andhra Pradesh,Prakasham,906.0,0.028435126482957755,11159.0,0.029378159224936817
Andhra Pradesh,Rajahmundry,435.0,0.013652626953737996,5272.0,0.013879528222409435
Andhra Pradesh,Srikakulam,460.0,0.014437260686711443,5791.0,0.01524589300758214
Andhra Pradesh,Tirupathi Urban,228.0,0.007155859644717846,2669.0,0.007026642796967144
Andhra Pradesh,Vijayawada City,641.0,0.020118008913439206,7726.0,0.020340143218197135
Andhra Pradesh,Vijayawada Railway,22.0,0.0006904776850166342,282.0,0.0007424178601516428
Andhra Pradesh,Visakha Rural,343.0,0.010765174816395707,4402.0,0.011589090143218198
Andhra Pradesh,Visakhapatnam,902.0,0.028309585085682005,11556.0,0.030423336141533277
Andhra Pradesh,Vizianagaram,625.0,0.0196158433243362,7330.0,0.01929759898904802
Andhra Pradesh,West Godavari,1554.0,0.048772832841629525,19165.0,0.0504554549283909
Andhra Pradesh,Total District(s),15931.0,0.5,189920.0,0.5
Arunachal Pradesh,Anjaw,0.0,0.0,0.0,0.0
Arunachal Pradesh,Changlang,21.0,0.02734375,336.0,0.027860696517412936
Arunachal Pradesh,Crime Branch,1.0,0.0013020833333333333,20.0,0.001658374792703151
Arunachal Pradesh,Dibang Valley,1.0,0.0013020833333333333,14.0,0.0011608623548922056
Arunachal Pradesh,Kameng East,12.0,0.015625,196.0,0.01625207296849088
Arunachal Pradesh,Kameng West,10.0,0.013020833333333334,154.0,0.012769485903814262
Arunachal Pradesh,Kurung Kumey,5.0,0.006510416666666667,94.0,0.007794361525704809
Arunachal Pradesh,Lohit,43.0,0.055989583333333336,706.0,0.05854063018242123
Arunachal Pradesh,Longding,0.0,0.0,0.0,0.0
Arunachal Pradesh,Lower Dibang Valley,11.0,0.014322916666666666,185.0,0.015339966832504145
Arunachal Pradesh,Papum Pare City,137.0,0.17838541666666666,2126.0,0.17628524046434493
Arunachal Pradesh,Papum Pare Rural,6.0,0.0078125,94.0,0.007794361525704809
Arunachal Pradesh,Siang East,47.0,0.061197916666666664,727.0,0.06028192371475954
Arunachal Pradesh,Siang Upper,7.0,0.009114583333333334,100.0,0.008291873963515755
Arunachal Pradesh,Siang West,29.0,0.037760416666666664,472.0,0.03913764510779436
Arunachal Pradesh,Subansiri Lower,11.0,0.014322916666666666,178.0,0.014759535655058043
Arunachal Pradesh,Subansiri Upper,26.0,0.033854166666666664,349.0,0.028938640132669984
Arunachal Pradesh,Tawang,2.0,0.0026041666666666665,24.0,0.001990049751243781
Arunachal Pradesh,Tirap,10.0,0.013020833333333334,176.0,0.014593698175787729
Arunachal Pradesh,Siang,5.0,0.006510416666666667,79.0,0.0065505804311774465
Arunachal Pradesh,Total District(s),384.0,0.5,6030.0,0.5
Assam,B. I. E. O.,0.0,0.0,0.0,0.0
Assam,Barpeta,2682.0,0.05765758018746238,33518.0,0.054712724732214855
Assam,Baksa,374.0,0.008040244217043599,5568.0,0.009088861247955497
Assam,Bongaigaon,372.0,0.007997248258663686,5058.0,0.008256368568994055
Assam,C. I. D.,1.0,2.1497979189956143e-05,0.0,0.0
Assam,Cachar,986.0,0.02119700748129676,12477.0,0.020366688540003723
Assam,Chirang,202.0,0.004342591796371141,2630.0,0.004293050481703117
Assam,Darrang,1237.0,0.02659300025797575,16647.0,0.02717354044445315
Assam,Dhemaji,337.0,0.0072448189870152205,4403.0,0.007187186795033773
Assam,Dhubri,2021.0,0.043447415942901364,26543.0,0.0433271630934775
Assam,Dibrugarh,680.0,0.014618625849170178,8868.0,0.014475578582411879
Assam,G. R. P.,8.0,0.00017198383351964914,128.0,0.00020893933903345967
Assam,Goalpara,1096.0,0.023561785192191934,13308.0,0.02172316190513501
Assam,Golaghat,652.0,0.014016682431851406,8891.0,0.014513122369894453
Assam,Guwahati City,1739.0,0.03738498581133373,24159.0,0.039435667903979316
Assam,Hailakandi,668.0,0.014360650098890704,9064.0,0.014795516945306864
Assam,Hamren,59.0,0.0012683807722074125,818.0,0.0013352529635107032
Assam,Jorhat,711.0,0.015285063204058818,9682.0,0.015804302191577784
Assam,Kamrup,862.0,0.018531258061742197,11562.0,0.018873098733631726
Assam,Karbi Anglong,172.0,0.003697652420672457,2729.0,0.0044546520017368085
Assam,Karimganj,702.0,0.015091581391349213,9612.0,0.015690038490543862
Assam,Kokrajhar,477.0,0.01025453607360908,6342.0,0.010352291313673448
Assam,Lakhimpur,735.0,0.015801014704617766,9807.0,0.016008344514852647
Assam,Morigaon,837.0,0.017993808581993294,11285.0,0.01842094094525463
Assam,Dima Hasao,32.0,0.0006879353340785966,503.0,0.0008210663088580486
Assam,Nagaon,1486.0,0.03194599707627483,18849.0,0.030767950011263135
Assam,Nalbari,373.0,0.008018746237853642,5048.0,0.008240045183132066
Assam,R. P. O.,25.0,0.0005374494797489036,366.0,0.0005974359225487987
Assam,S. T. F.,0.0,0.0,0.0,0.0
Assam,Sibsagar,919.0,0.019756642875569698,12806.0,0.02090372793486316
Assam,Sonitpur,746.0,0.016037492475707283,9105.0,0.014862442827341019
Assam,Tinsukia,333.0,0.007158827070255396,3440.0,0.005615244736524229
Assam,Udalguri,195.0,0.004192105942041448,2754.0,0.004495460466391781
Assam,Sadia,34.0,0.0007309312924585089,504.0,0.0008226986474442475
Assam,Majuli,44.0,0.0009459110843580704,594.0,0.0009696091202021488
Assam,Biswanath,388.0,0.008341215925702984,5100.0,0.008324926789614408
Assam,Hojai,619.0,0.013307249118582854,8207.0,0.013396602776934403
Assam,South Salmara,454.0,0.00976008255224009,5934.0,0.009686297170504295
Assam,Total District(s),23258.0,0.5,306309.0,0.5
Bihar,Araria,230.0,0.008278741631272046,3118.0,0.009566119125488584
Bihar,Arwal,123.0,0.004427327046288964,1279.0,0.003924011020365587
Bihar,Aurangabad,271.0,0.009754517313368368,2302.0,0.007062606230556357
Bihar,Bagaha,165.0,0.005939097257216903,2009.0,0.006163673291567211
Bihar,Banka,234.0,0.008422719746598518,2563.0,0.00786336219327365
Bihar,Begusarai,337.0,0.01213015621625513,4112.0,0.012615741450932989
Bihar,Bettiah,421.0,0.015153696638111008,4710.0,0.014450423695013223
Bihar,Bhabhua,210.0,0.007558851054639695,2297.0,0.00704726607801388
Bihar,Bhagalpur,397.0,0.014289827946152184,5685.0,0.017441753440796216
Bihar,Bhojpur,293.0,0.010546396947663956,2196.0,0.006737394996655847
Bihar,Buxar,214.0,0.007702829169966165,2318.0,0.007111694718692283
Bihar,Darbhanga,507.0,0.01824922611763012,6981.0,0.021417920979806222
Bihar,Gaya,712.0,0.025628104528111727,7173.0,0.022006982837437336
Bihar,Gopalganj,361.0,0.012994024908213952,4535.0,0.013913518356026533
Bihar,Jamalpur Railway,4.0,0.0001439781153264704,57.0,0.00017487773898423645
Bihar,Jamui,174.0,0.006263048016701462,2237.0,0.006863184247504157
Bihar,Jehanabad,166.0,0.005975091786048521,1746.0,0.005356781267832927
Bihar,Katihar,393.0,0.014145849830825714,5056.0,0.015511962250952624
Bihar,Katihar Railway,1.0,3.59945288316176e-05,18.0,5.5224549152916776e-05
Bihar,Khagaria,227.0,0.008170758044777194,2763.0,0.008476968294972725
Bihar,Kishanganj,260.0,0.009358577496220575,3669.0,0.011256603935669537
Bihar,Lakhisarai,153.0,0.005507162911237492,1349.0,0.004138773155960263
Bihar,Madhepura,156.0,0.005615146497732345,2287.0,0.007016585772928926
Bihar,Madhubani,498.0,0.017925275358145563,6760.0,0.020739886237428746
Bihar,Motihari,568.0,0.020444892376358794,6532.0,0.020040375281491798
Bihar,Munger,111.0,0.003995392700309553,1493.0,0.004580569549183597
Bihar,Muzaffarpur,789.0,0.028399683248146283,7774.0,0.023850869173043056
Bihar,Muzaffarpur Railway,15.0,0.0005399179324742639,254.0,0.0007792797491578256
Bihar,Nalanda,544.0,0.01958102368439997,6032.0,0.01850636002724411
Bihar,Naugachia,109.0,0.003923403642646318,1127.0,0.0034576703830742892
Bihar,Nawadah,263.0,0.009466561082715427,2833.0,0.008691730430567401
Bihar,Patna,1663.0,0.059858901446980056,19391.0,0.05949217959023385
Bihar,Patna Railway,27.0,0.0009718522784536751,390.0,0.0011965318983131969
Bihar,Purnea,269.0,0.009682528255705133,3418.0,0.010486528278037198
Bihar,Rohtas,259.0,0.009322582967388957,3396.0,0.010419031606850298
Bihar,Saharsa,174.0,0.006263048016701462,2418.0,0.0074184977695418205
Bihar,Samastipur,405.0,0.014577784176805126,4994.0,0.015321744359425911
Bihar,Saran,521.0,0.018753149521272768,5320.0,0.016321922305195403
Bihar,Sheikhpura,113.0,0.004067381757972788,1090.0,0.00334415325425996
Bihar,Sheohar,58.0,0.0020876826722338203,814.0,0.0024973768339152363
Bihar,Sitamarhi,424.0,0.01526168022460586,5820.0,0.01785593755944309
Bihar,Siwan,346.0,0.012454106975739688,3248.0,0.009964963091592983
Bihar,Supaul,258.0,0.00928658843855734,3195.0,0.009802357474642727
Bihar,Vaishali,468.0,0.016845439493197036,6212.0,0.019058605518773277
Bihar,Economic Offences Unit,0.0,0.0,0.0,0.0
Bihar,Anti Terrorist Squad,0.0,0.0,0.0,0.0
Bihar,Total District(s),13891.0,0.5,162971.0,0.5
Chhattisgarh,Balod,141.0,0.012325174825174826,2218.0,0.012184804702521562
Chhattisgarh,Balodbazar,266.0,0.023251748251748253,4316.0,0.02371037741031698
Chhattisgarh,Balrampur,205.0,0.01791958041958042,3372.0,0.018524419051804648
Chhattisgarh,Bemetra,117.0,0.010227272727272727,1806.0,0.009921441520628467
Chhattisgarh,Bilaspur,515.0,0.04501748251748252,8108.0,0.04454210844366313
Chhattisgarh,Bizapur,29.0,0.002534965034965035,492.0,0.0027028511783771907
Chhattisgarh,Dantewara,30.0,0.0026223776223776225,500.0,0.0027467999780256
Chhattisgarh,Dhamtari,98.0,0.008566433566433567,1608.0,0.00883370872933033
Chhattisgarh,Durg,585.0,0.05113636363636364,8983.0,0.04934900840520793
Chhattisgarh,Gariyaband,109.0,0.009527972027972028,1826.0,0.010031313519749492
Chhattisgarh,G. R. P. Raipur,12.0,0.001048951048951049,158.0,0.0008679887930560896
Chhattisgarh,Jagdalpur,154.0,0.013461538461538462,2648.0,0.01454705268362358
Chhattisgarh,Janjgir,327.0,0.028583916083916083,4771.0,0.026209965390320278
Chhattisgarh,Jashpur,204.0,0.01783216783216783,3632.0,0.01995275504037796
Chhattisgarh,Kabirdham,158.0,0.01381118881118881,2434.0,0.013371422293028621
Chhattisgarh,Kanker,152.0,0.013286713286713287,2452.0,0.013470307092237543
Chhattisgarh,Kondagaon,81.0,0.007080419580419581,1364.0,0.007493270340053837
Chhattisgarh,Korba,232.0,0.02027972027972028,3591.0,0.019727517442179862
Chhattisgarh,Koriya,232.0,0.02027972027972028,3684.0,0.02023842223809262
Chhattisgarh,Mahasamund,192.0,0.016783216783216783,3035.0,0.016673075866615393
Chhattisgarh,Mungali,122.0,0.010664335664335665,1908.0,0.01048178871614569
Chhattisgarh,Narayanpur,13.0,0.0011363636363636363,242.0,0.0013294511893643904
Chhattisgarh,Raigarh,367.0,0.03208041958041958,5702.0,0.031324506949403946
Chhattisgarh,Raipur,724.0,0.06328671328671329,11691.0,0.06422567708619459
Chhattisgarh,Rajnandgaon,248.0,0.021678321678321677,3898.0,0.02141405262868758
Chhattisgarh,Sarguja,180.0,0.015734265734265736,3048.0,0.01674449266604406
Chhattisgarh,Sukma,17.0,0.001486013986013986,284.0,0.001560182387518541
Chhattisgarh,Surajpur,210.0,0.018356643356643356,3244.0,0.017821238257430094
Chhattisgarh,Total District(s),5720.0,0.5,91015.0,0.5
Goa,North Goa,197.0,0.26986301369863014,3136.0,0.27712972781901735
Goa,South Goa,154.0,0.21095890410958903,2324.0,0.20537292329445034
Goa,C. I. D.,14.0,0.019178082191780823,198.0,0.017497348886532343
Goa,Total District(s),365.0,0.5,5658.0,0.5
Gujarat,Ahmedabad City,1066.0,0.06866786910590054,13742.0,0.06841240603375318
Gujarat,Ahmedabad Rural,117.0,0.0075367173408915225,1390.0,0.006919898441778265
Gujarat,Amreli,221.0,0.01423602164390621,2832.0,0.014098670782097875
Gujarat,Anand,265.0,0.017070342695181654,3793.0,0.018882859560910042
Gujarat,Arvalli,112.0,0.007214635403246586,1538.0,0.007656693383780554
Gujarat,Banaskantha,370.0,0.02383406338572533,4988.0,0.024831980883158262
Gujarat,Bharuch,172.0,0.011079618654985829,2208.0,0.010992183999601732
Gujarat,Bhavnagar,194.0,0.01249677918062355,2442.0,0.012157116543037786
Gujarat,Botad,72.0,0.004637979902087091,1034.0,0.005147607905610594
Gujarat,Chhotaudepur,49.0,0.0031564029889203813,706.0,0.003514711007119032
Gujarat,C. I. D. Crime,0.0,0.0,0.0,0.0
Gujarat,Dahod,251.0,0.016168513269775833,3316.0,0.016508189376213473
Gujarat,Dang,18.0,0.0011594949755217728,230.0,0.0011450191666251804
Gujarat,Devbhumi Dwarka,74.0,0.004766812677145065,962.0,0.004789167123014885
Gujarat,Gandhinagar,197.0,0.012690028343210513,2305.0,0.011475083387265396
Gujarat,Gir Somnath,174.0,0.011208451430043804,2022.0,0.010066211977896151
Gujarat,Jamnagar,253.0,0.016297346044833804,3056.0,0.015213819883506745
Gujarat,Junagadh,273.0,0.017585673795413554,3114.0,0.0155025638472644
Gujarat,Kachchh East(G),166.0,0.010693120329811904,2416.0,0.012027679593767113
Gujarat,Kachchh West(B),143.0,0.009211543416645195,1854.0,0.009229850151839499
Gujarat,Kheda,181.0,0.011659366142746715,2598.0,0.012933738238661821
Gujarat,Mahisagar,84.0,0.0054109765524349394,1104.0,0.005496091999800866
Gujarat,Mehsana,322.0,0.020742076784333936,4176.0,0.0207895653905511
Gujarat,Morbi,104.0,0.006699304303014687,1368.0,0.0068103748693184646
Gujarat,Narmada,28.0,0.0018036588508116465,366.0,0.0018220739781948524
Gujarat,Navsari,86.0,0.0055398093274929144,1148.0,0.005715139144720466
Gujarat,Panchmahal,152.0,0.00979129090440608,1480.0,0.0073679494200229005
Gujarat,Patan,156.0,0.01004895645452203,2059.0,0.010250410713396725
Gujarat,Porbandar,101.0,0.006506055140427725,1194.0,0.005944142978045502
Gujarat,Rajkot City,356.0,0.022932233960319504,4566.0,0.02273111962961119
Gujarat,Rajkot Rural,272.0,0.017521257407884565,3470.0,0.01727485438343207
Gujarat,Sabarkantha,244.0,0.01571759855707292,2814.0,0.014009060586448947
Gujarat,Surat City,502.0,0.032337026539551665,6776.0,0.03373326031761836
Gujarat,Surat Rural,106.0,0.006828137078072662,1526.0,0.007596953253347936
Gujarat,Surendranagar,164.0,0.010564287554753929,2348.0,0.011689152187982277
Gujarat,Tapi,64.0,0.004122648801855192,864.0,0.004301289391148504
Gujarat,Vadodara City,399.0,0.02570213862406596,4886.0,0.024324189774481007
Gujarat,Vadodara Rural,84.0,0.0054109765524349394,1144.0,0.0056952257679095935
Gujarat,Valsad,156.0,0.01004895645452203,2386.0,0.011878329267685568
Gujarat,W.Rly Ahmedabad,0.0,0.0,0.0,0.0
Gujarat,W.Rly Vadodara,14.0,0.0009018294254058232,214.0,0.0010653656593816896
Gujarat,Total District(s),7762.0,0.5,100435.0,0.5
Haryana,Ambala (Rural),91.0,0.004816853694685581,1140.0,0.0043968250295050105
Haryana,Ambala (Urban),154.0,0.008151598560237137,2245.0,0.008658659816876094
Haryana,Bhiwani,361.0,0.01910861740419225,4595.0,0.017722290360153967
Haryana,Faridabad,973.0,0.05150328181240737,13761.0,0.05307430634299864
Haryana,Fatehabad,282.0,0.014926953207706966,3535.0,0.0136340144555265
Haryana,G. R. P.,27.0,0.001429176370950667,336.0,0.0012959063244856871
Haryana,Gurgaon,959.0,0.05076222739784036,13942.0,0.05377239873803408
Haryana,Hissar,611.0,0.03234173195003176,7456.0,0.028756778438587153
Haryana,Jhajjar,330.0,0.017467711200508152,4339.0,0.016734933160545824
Haryana,Jind,295.0,0.01561507516409062,3859.0,0.014883638411280556
Haryana,Kaithal,309.0,0.016356129578657633,4308.0,0.016615370374655776
Haryana,Karnal,688.0,0.036417531230150325,9675.0,0.037315159789878045
Haryana,Kurukshetra,326.0,0.01725598136777472,4226.0,0.01629910752165629
Haryana,Mahendergarh,282.0,0.014926953207706966,3850.0,0.014848926634731831
Haryana,Mewat,298.0,0.015773872538640696,4197.0,0.01618725846388818
Haryana,Palwal,363.0,0.019214482320558966,4571.0,0.017629725622690703
Haryana,Panchkula,248.0,0.013127249629472792,3768.0,0.014532663781732348
Haryana,Panipat,446.0,0.023607876349777682,5970.0,0.023025478443986763
Haryana,Rewari,332.0,0.017573576116874868,4523.0,0.017444596147764176
Haryana,Rohtak,751.0,0.03975227609570189,10958.0,0.042263516380101666
Haryana,Sirsa,342.0,0.018102900698708447,4456.0,0.017186186255679234
Haryana,Sonipat,427.0,0.022602159644293882,5606.0,0.021621579925793936
Haryana,Yamunanagar,551.0,0.029165784459030276,8323.0,0.032100679579447546
Haryana,Irrigation & Power,0.0,0.0,0.0,0.0
Haryana,Total District(s),9446.0,0.5,129639.0,0.5
Himachal Pradesh,Baddi,56.0,0.021722265321955005,814.0,0.021102296883911444
Himachal Pradesh,Bilaspur,113.0,0.04383242823894492,1674.0,0.0433971068595427
Himachal Pradesh,Chamba,88.0,0.03413498836307215,1420.0,0.036812360657437655
Himachal Pradesh,C. I. D.,0.0,0.0,0.0,0.0
Himachal Pradesh,G. R. P.,0.0,0.0,0.0,0.0
Himachal Pradesh,Hamirpur,78.0,0.030256012412723042,1104.0,0.02862031420127547
Himachal Pradesh,Kangra,230.0,0.08921644685802949,3407.0,0.08832374138020428
Himachal Pradesh,Kinnaur,20.0,0.007757951900698216,336.0,0.008710530409083839
Himachal Pradesh,Kullu,71.0,0.027540729247478666,1104.0,0.02862031420127547
Himachal Pradesh,Lahaul & Spiti,4.0,0.0015515903801396431,70.0,0.0018146938352257998
Himachal Pradesh,Mandi,189.0,0.07331264546159814,2868.0,0.07435059884896562
Himachal Pradesh,Shimla,144.0,0.055857253685027156,2150.0,0.05573702493907814
Himachal Pradesh,Sirmaur,127.0,0.04926299456943367,1962.0,0.05086327578161456
Himachal Pradesh,Solan,52.0,0.02017067494181536,764.0,0.0198060870016073
Himachal Pradesh,Una,117.0,0.04538401861908456,1614.0,0.041841655000777724
Himachal Pradesh,Total District(s),1289.0,0.5,19287.0,0.5
Jammu & Kashmir,Anantnag,258.0,0.0383586083853702,3942.0,0.038749631377174874
Jammu & Kashmir,Awantipora,61.0,0.009069283377936367,966.0,0.009495723975228547
Jammu & Kashmir,Bandipora,85.0,0.01263752601843592,1292.0,0.012700285068318096
Jammu & Kashmir,Baramulla,198.0,0.029438001784121322,2971.0,0.02920475769192962
Jammu & Kashmir,Budgam,135.0,0.02007136485280999,2152.0,0.021154035191192373
Jammu & Kashmir,Crime Jammu,1.0,0.0001486767766874814,10.0,9.82994200334218e-05
Jammu & Kashmir,Crime Srinagar,0.0,0.0,0.0,0.0
Jammu & Kashmir,Doda,70.0,0.010407374368123699,1110.0,0.01091123562370982
Jammu & Kashmir,Ganderbal,99.0,0.014719000892060661,1487.0,0.014617123758969822
Jammu & Kashmir,Handwara,104.0,0.015462384775498068,1582.0,0.015550968249287329
Jammu & Kashmir,Jammu,492.0,0.07314897413024085,7460.0,0.07333136734493266
Jammu & Kashmir,Kargil,5.0,0.0007433838834374071,72.0,0.000707755824240637
Jammu & Kashmir,Kathua,152.0,0.022598870056497175,2378.0,0.023375602083947705
Jammu & Kashmir,Kishtwar,39.0,0.005798394290811775,636.0,0.0062518431141256265
Jammu & Kashmir,Kulgam,175.0,0.02601843592030925,2592.0,0.02547920967266293
Jammu & Kashmir,Kupwara,147.0,0.021855486173059768,2304.0,0.022648186375700385
Jammu & Kashmir,Leh,7.0,0.0010407374368123698,130.0,0.0012778924604344834
Jammu & Kashmir,Poonch,87.0,0.012934879571810883,1370.0,0.013467020544578786
Jammu & Kashmir,Pulwama,77.0,0.01144811180493607,1196.0,0.011756610635997247
Jammu & Kashmir,Railways Jammu,1.0,0.0001486767766874814,14.0,0.00013761918804679053
Jammu & Kashmir,Railways Kashmir,0.0,0.0,0.0,0.0
Jammu & Kashmir,Railways Katra,0.0,0.0,0.0,0.0
Jammu & Kashmir,Rajouri,208.0,0.030924769550996135,3165.0,0.031111766440578
Jammu & Kashmir,Ramban,74.0,0.011002081474873625,1090.0,0.010714636783642977
Jammu & Kashmir,Reasi,76.0,0.011299435028248588,1213.0,0.011923719650054065
Jammu & Kashmir,Samba,42.0,0.006244424620874219,584.0,0.005740686129951833
Jammu & Kashmir,Shopian,83.0,0.012340172465060957,1298.0,0.01275926472033815
Jammu & Kashmir,Sopore,127.0,0.01888195063931014,1976.0,0.019423965398604148
Jammu & Kashmir,Srinagar,473.0,0.0703241153731787,6586.0,0.0647399980340116
Jammu & Kashmir,Udhampur,87.0,0.012934879571810883,1289.0,0.01267079524230807
Jammu & Kashmir,Total District(s),3363.0,0.5,50865.0,0.5
Jharkhand,Bokaro,494.0,0.037895059834305,6754.0,0.04870626243978423
Jharkhand,Chaibasa,173.0,0.013270942006750537,2572.0,0.01854789857789829
Jharkhand,Chatra,187.0,0.014344891070880638,1716.0,0.012374881010759512
Jharkhand,Deoghar,559.0,0.042881251917766185,4844.0,0.03493235641964981
Jharkhand,Dhanbad,390.0,0.029917152500767107,4842.0,0.034917933481408835
Jharkhand,Dhanbad Railway,16.0,0.00122737035900583,246.0,0.0017740214036403496
Jharkhand,Dumka,202.0,0.015495550782448604,2461.0,0.017747425505523984
Jharkhand,Garhwa,270.0,0.020711874808223382,2604.0,0.018778665589753944
Jharkhand,Giridih,674.0,0.05170297637312059,6883.0,0.04963654195632734
Jharkhand,Godda,212.0,0.016262657256827247,1726.0,0.012446995701964404
Jharkhand,Gumla,160.0,0.0122737035900583,2106.0,0.01518735396775031
Jharkhand,Hazaribagh,421.0,0.032295182571340904,4032.0,0.02907664349381256
Jharkhand,Jamshedpur,568.0,0.04357164774470697,5297.0,0.03819915193123143
Jharkhand,Jamshedpur Railway,3.0,0.00023013194231359313,46.0,0.0003317275795425044
Jharkhand,Jamtara,204.0,0.01564897207732433,1836.0,0.013240257305218219
Jharkhand,Khunti,42.0,0.0032218471923903037,634.0,0.004572071422390169
Jharkhand,Koderma,146.0,0.0111997545259282,1358.0,0.009793175065624368
Jharkhand,Latehar,143.0,0.010969622583614606,1526.0,0.01100470187786656
Jharkhand,Lohardagga,120.0,0.009205277692543725,1449.0,0.010449418755588889
Jharkhand,Pakur,265.0,0.02032832157103406,2915.0,0.021021432486226094
Jharkhand,Palamu,253.0,0.019407793801779687,2268.0,0.016355611965269565
Jharkhand,Ramgarh,232.0,0.017796870205584535,1669.0,0.012035941962096518
Jharkhand,Ranchi,273.0,0.020942006750536975,3530.0,0.025456485995326968
Jharkhand,Sahebganj,266.0,0.020405032218471925,3401.0,0.024526206478783858
Jharkhand,Saraikela,184.0,0.014114759128567045,1766.0,0.012735454466783973
Jharkhand,Simdega,61.0,0.004679349493709727,853.0,0.00615138315977731
Jharkhand,Total District(s),6518.0,0.5,69334.0,0.5
Karnataka,Bagalkot,254.0,0.009996064541519087,3043.0,0.010433810621022603
Karnataka,Bengaluru City,3079.0,0.12117276662731208,30224.0,0.10363177529076147
Karnataka,Bengaluru District,426.0,0.01676505312868949,5320.0,0.01824116743471582
Karnataka,Belagavi District,425.0,0.01672569854388036,5322.0,0.018248025016458197
Karnataka,Ballari,306.0,0.012042502951593861,2956.0,0.010135505815229318
Karnataka,Bidar,305.0,0.012003148366784731,3258.0,0.011171000658327847
Karnataka,Vijayapura,360.0,0.014167650531286895,4539.0,0.015563281764318631
Karnataka,Chikkaballapura,164.0,0.006454151908697363,1730.0,0.005931808207153829
Karnataka,Chamarajnagar,149.0,0.005863833136560409,1870.0,0.006411838929120035
Karnataka,Chikkamagaluru,327.0,0.012868949232585596,4090.0,0.014023754663155585
Karnataka,Chitradurga,435.0,0.017119244391971666,5502.0,0.01886520737327189
Karnataka,Dakshina Kannada,181.0,0.007123179850452578,2368.0,0.008119376782971253
Karnataka,Davanagere,385.0,0.015151515151515152,4564.0,0.01564900153609831
Karnataka,Dharwad,95.0,0.003738685556867375,1274.0,0.004368279569892473
Karnataka,Gadag,85.0,0.0033451397087760726,1072.0,0.0036756638139126617
Karnataka,Kalaburgi,374.0,0.01471861471861472,4239.0,0.014534644502962475
Karnataka,Hassan,372.0,0.014639905548996458,4818.0,0.016519914417379856
Karnataka,Haveri,135.0,0.005312868949232586,1692.0,0.005801514154048716
Karnataka,Hubballi Dharwad City,135.0,0.005312868949232586,1634.0,0.00560264428351986
Karnataka,K.G.F.,42.0,0.001652892561983471,374.0,0.001282367785824007
Karnataka,Kodagu,130.0,0.005116096025186935,1858.0,0.006370693438665789
Karnataka,Kolar,92.0,0.0036206218024399843,1064.0,0.0036482334869431645
Karnataka,Koppal,133.0,0.005234159779614325,1808.0,0.00619925389510643
Karnataka,Mandya,721.0,0.02837465564738292,9087.0,0.031157422646477945
Karnataka,Mangaluru City,180.0,0.0070838252656434475,1870.0,0.006411838929120035
Karnataka,Mysuru City,333.0,0.013105076741440378,2965.0,0.010166364933070002
Karnataka,Mysuru District,311.0,0.012239275875639511,3940.0,0.013509436032477506
Karnataka,Raichur,480.0,0.018890200708382526,5306.0,0.0181931643625192
Karnataka,K.Railways,11.0,0.0004329004329004329,160.0,0.0005486065393899496
Karnataka,Ramanagara,365.0,0.014364423455332545,4604.0,0.015786153170945796
Karnataka,Shimoga,681.0,0.02680047225501771,8892.0,0.030488808426596445
Karnataka,Tumakuru,283.0,0.011137347500983864,2948.0,0.01010807548825982
Karnataka,Udupi,230.0,0.00905155450609996,2734.0,0.009374314241825762
Karnataka,Uttara Kannada,280.0,0.011019283746556474,3554.0,0.012185922756199254
Karnataka,Yadgiri,240.0,0.009445100354191263,2967.0,0.010173222514812376
Karnataka,Belagavi City,201.0,0.007910271546635183,2178.0,0.007467906517445688
Karnataka,Total District(s),12705.0,0.5,145824.0,0.5
Kerala,Alapuzha,445.0,0.02291924186238154,5819.0,0.023107041313912672
Kerala,Ernakulam Commr.,404.0,0.02080758137618459,4584.0,0.018202900392331273
Kerala,Ernakulam Rural,454.0,0.02338277709105892,5992.0,0.023794018139364964
Kerala,Idukki,405.0,0.020859085290482075,5720.0,0.022713915847324365
Kerala,Kannur,546.0,0.02812113720642769,6950.0,0.027598201947360897
Kerala,Kasargod,354.0,0.01823238566131026,4768.0,0.018933557825182266
Kerala,Kollam Commr.,488.0,0.025133910177173466,6136.0,0.024365836999857046
Kerala,Kollam Rural,502.0,0.025854964977338277,6498.0,0.025803326079705195
Kerala,Kottayam,376.0,0.019365471775854966,4904.0,0.019473608971202566
Kerala,Kozhikode Commr.,361.0,0.018592913061392664,4488.0,0.017821687818669885
Kerala,Kozhikode Rural,569.0,0.02930572723526988,7237.0,0.02873786870403609
Kerala,Malappuram,989.0,0.05093737124021425,12478.0,0.04954969264736248
Kerala,Palakkad,624.0,0.032138442521631644,7670.0,0.030457296249821308
Kerala,Pathanamthitta,331.0,0.01704779563246807,4698.0,0.018655590323554173
Kerala,Railways,49.0,0.0025236918005768437,672.0,0.0026684880156297155
Kerala,Thrissur Commr.,264.0,0.013597033374536464,3477.0,0.013807042902298394
Kerala,Thrissur Rural,688.0,0.03543469303667079,8642.0,0.03431707355814286
Kerala,Trivandrum Commr.,425.0,0.021889163576431808,5273.0,0.020938894801213526
Kerala,Trivandrum Rural,1040.0,0.053564070869386075,14259.0,0.05662198008164303
Kerala,Wayanadu,380.0,0.01957148743304491,5449.0,0.021637784519592737
Kerala,Crime Branch,14.0,0.0007210548001648125,200.0,0.0007941928617945582
Kerala,Total District(s),9708.0,0.5,125914.0,0.5
Madhya Pradesh,Agar,186.0,0.003853325046612803,2649.0,0.0037836478993541088
Madhya Pradesh,Alirajpur,103.0,0.0021338305365651545,1670.0,0.0023853121902307896
Madhya Pradesh,Anuppur,268.0,0.005552102755334577,4064.0,0.005804735773112532
Madhya Pradesh,Ashok Nagar,381.0,0.007893101305158483,5303.0,0.007574437451972382
Madhya Pradesh,Balaghat,495.0,0.010254816656308266,7664.0,0.010946726123310642
Madhya Pradesh,Barwani,255.0,0.0052827843380981974,4156.0,0.005936142193173151
Madhya Pradesh,Betul,436.0,0.009032525378081625,6208.0,0.008867076692786073
Madhya Pradesh,Bhind,433.0,0.008970374974103999,5834.0,0.008332881028626603
Madhya Pradesh,Bhopal,1192.0,0.02469442718044334,17057.0,0.024363035945369208
Madhya Pradesh,Bhopal Railway,48.0,0.0009944064636420136,722.0,0.0010312547313452876
Madhya Pradesh,Burhanpur,169.0,0.003501139424072923,2598.0,0.0037108030360596357
Madhya Pradesh,Chhatarpur,487.0,0.010089082245701264,6807.0,0.009722646753832925
Madhya Pradesh,Chhindwara,695.0,0.014398176921483322,10768.0,0.015380264469703678
Madhya Pradesh,Damoh,371.0,0.007685933291899731,5284.0,0.007547299169568558
Madhya Pradesh,Datia,192.0,0.003977625854568055,2538.0,0.003625103196889667
Madhya Pradesh,Dewas,675.0,0.013983840894965818,9259.0,0.013224913514578971
Madhya Pradesh,Dhar,543.0,0.01124922311995028,8760.0,0.0125121765188154
Madhya Pradesh,Dindori,261.0,0.0054070851460534496,3830.0,0.005470506400349655
Madhya Pradesh,Guna,421.0,0.008721773358193494,6260.0,0.008941349886733379
Madhya Pradesh,Gwalior,972.0,0.020136730888750776,12905.0,0.01843260707480739
Madhya Pradesh,Harda,210.0,0.00435052827843381,3428.0,0.004896317477910866
Madhya Pradesh,Hoshangabad,383.0,0.007934534907810233,5720.0,0.008170051334203662
Madhya Pradesh,Indore,1193.0,0.024715143981769216,16640.0,0.02376742206313793
Madhya Pradesh,Indore Railway,10.0,0.00020716801325875285,130.0,0.00018568298486826507
Madhya Pradesh,Jabalpur,990.0,0.020509633312616533,14085.0,0.020118037245150103
Madhya Pradesh,Jabalpur Railway,31.0,0.0006422208411021338,472.0,0.0006741720681370855
Madhya Pradesh,Jhabua,220.0,0.0045576962916925624,3654.0,0.005219120205451081
Madhya Pradesh,Katni,444.0,0.009198259788688627,6750.0,0.009641231906621455
Madhya Pradesh,Khandwa,445.0,0.009218976590014501,6740.0,0.009626948600093128
Madhya Pradesh,Khargone,619.0,0.012823700020716802,9460.0,0.013512007975798365
Madhya Pradesh,Mandla,287.0,0.005945721980526206,4420.0,0.006313221485521012
Madhya Pradesh,Mandsaur,379.0,0.007851667702506733,5592.0,0.007987225010641063
Madhya Pradesh,Morena,545.0,0.01129065672260203,7140.0,0.01019828086122625
Madhya Pradesh,Narsinghpur,409.0,0.008473171742282992,5520.0,0.007884385203637101
Madhya Pradesh,Neemuch,207.0,0.004288377874456184,3008.0,0.004296418603721087
Madhya Pradesh,Panna,252.0,0.005220633934120571,3792.0,0.005416229835542009
Madhya Pradesh,Raisen,400.0,0.008286720530350114,6312.0,0.009015623080680685
Madhya Pradesh,Rajgarh,575.0,0.011912160762378289,8003.0,0.011430930214620964
Madhya Pradesh,Ratlam,533.0,0.011042055106691527,7886.0,0.011263815528239525
Madhya Pradesh,Rewa,642.0,0.013300186451211933,9654.0,0.01378910412244793
Madhya Pradesh,Sagar,977.0,0.020240314895380154,14113.0,0.020158030503429424
Madhya Pradesh,Satna,560.0,0.01160140874249016,7906.0,0.011292382141296181
Madhya Pradesh,Seoni,588.0,0.012181479179614667,7990.0,0.011412361916134137
Madhya Pradesh,Shahdol,636.0,0.01317588564325668,8892.0,0.01270071616498933
Madhya Pradesh,Shajapur,241.0,0.004992749119535944,3138.0,0.004482101588589352
Madhya Pradesh,Sheopur,89.0,0.0018437953180029003,1322.0,0.0018882531230449723
Madhya Pradesh,Shivpuri,506.0,0.010482701470892895,7455.0,0.010648205016868586
Madhya Pradesh,Sidhi,220.0,0.0045576962916925624,3169.0,0.004526379838827169
Madhya Pradesh,Sehore,526.0,0.0108970374974104,7585.0,0.01083388800173685
Madhya Pradesh,Singrauli,344.0,0.007126579656101098,4890.0,0.006984536892352432
Madhya Pradesh,Tikamgarh,386.0,0.00799668531178786,5867.0,0.008380015940170085
Madhya Pradesh,Ujjain,871.0,0.01804433395483737,12635.0,0.018046957798542533
Madhya Pradesh,Umaria,167.0,0.0034597058214211724,2547.0,0.0036379581727651626
Madhya Pradesh,Vidisha,667.0,0.013818106484358815,9808.0,0.014009067042984182
Madhya Pradesh,Cyber Cell,0.0,0.0,0.0,0.0
Madhya Pradesh,Total District(s),24135.0,0.5,350059.0,0.5
Maharashtra,Ahmednagar,953.0,0.015308745100559018,13427.0,0.015338586706938977
Maharashtra,Akola,489.0,0.007855169311829339,6638.0,0.007583044504406116
Maharashtra,Amravati Commr.,501.0,0.008047934202917176,6860.0,0.007836650391718283
Maharashtra,Amravati Rural,948.0,0.015228426395939087,13480.0,0.015399132256612602
Maharashtra,Aurangabad Commr.,882.0,0.014168219494955985,11782.0,0.013459389929333062
Maharashtra,Aurangabad Rural,539.0,0.008658356358028658,6962.0,0.007953172015618466
Maharashtra,Beed,823.0,0.01322045878044079,10756.0,0.01228731947716062
Maharashtra,Bhandara,225.0,0.003614341707896935,3278.0,0.0037446851288706314
Maharashtra,Buldhana,567.0,0.009108141103900276,7594.0,0.008675149136254903
Maharashtra,Chandrapur,751.0,0.01206386943391377,10603.0,0.012112537041310344
Maharashtra,Dhule,348.0,0.0055901818415472595,4280.0,0.004889338728360678
Maharashtra,Gadchiroli,125.0,0.002007967615498297,1989.0,0.0022721716660535954
Maharashtra,Gondia,286.0,0.004594229904260104,4262.0,0.0048687760888488805
Maharashtra,Hingoli,214.0,0.003437640557733085,2956.0,0.003376842355381814
Maharashtra,Jalgaon,743.0,0.01193535950652188,9921.0,0.01133344147758558
Maharashtra,Jalna,607.0,0.00975069074085973,7798.0,0.008908192384055273
Maharashtra,Kolhapur,633.0,0.010168348004883377,9230.0,0.01054406459410492
Maharashtra,Latur,512.0,0.008224635353081025,6774.0,0.007738406669606362
Maharashtra,Mumbai Commr.,4803.0,0.07715414765790657,69694.0,0.07961625545195539
Maharashtra,Mumbai Railway,117.0,0.0018794576881064062,1704.0,0.001946596540450139
Maharashtra,Nagpur Commr.,1302.0,0.020914990683030266,16771.0,0.0191586681806862
Maharashtra,Nagpur Railway,32.0,0.0005140397095675641,500.0,0.0005711844308832568
Maharashtra,Nagpur Rural,420.0,0.006746771188074279,6240.0,0.007128381697423044
Maharashtra,Nanded,554.0,0.008899312471888453,7410.0,0.008464953265689865
Maharashtra,Nandurbar,142.0,0.0022810512112060657,2066.0,0.002360134068409617
Maharashtra,Nasik Commr.,474.0,0.007614213197969543,6366.0,0.007272320174005625
Maharashtra,Nasik Rural,942.0,0.015132043950395168,12310.0,0.014062560688345781
Maharashtra,Navi Mumbai,619.0,0.009943455631947568,9238.0,0.010553203544999052
Maharashtra,Osmanabad,329.0,0.005284970763991518,4598.0,0.005252612026402429
Maharashtra,Palghar,691.0,0.011100044978474588,11172.0,0.01276254492365549
Maharashtra,Parbhani,473.0,0.007598149457045557,6090.0,0.006957026368158067
Maharashtra,Pune Commr.,1969.0,0.03162950587932918,28268.0,0.0322924829844158
Maharashtra,Pune Railway,24.0,0.0003855297821756731,384.0,0.0004386696429183412
Maharashtra,Pune Rural,1118.0,0.017959262353016772,16358.0,0.018686869840776627
Maharashtra,Raigad,316.0,0.005076142131979695,4901.0,0.005598749791517683
Maharashtra,Ratnagiri,171.0,0.0027468996980016705,2644.0,0.0030204232705106616
Maharashtra,Sangli,493.0,0.007919424275525284,7090.0,0.008099395229924582
Maharashtra,Satara,754.0,0.01211206065668573,11169.0,0.01275911781707019
Maharashtra,Sindhudurg,91.0,0.0014618004240827603,1446.0,0.0016518653741143786
Maharashtra,Solapur Commr.,264.0,0.004240827603932404,3954.0,0.004516926479424794
Maharashtra,Solapur Rural,610.0,0.00979888196363169,9044.0,0.010331583985816349
Maharashtra,Thane Commr.,1646.0,0.02644091756088158,24060.0,0.027485394814102317
Maharashtra,Thane Rural,643.0,0.010328985414123242,8704.0,0.009943178572815733
Maharashtra,Wardha,443.0,0.007116237229325965,6512.0,0.007439106027823536
Maharashtra,Washim,425.0,0.006827089892694211,5598.0,0.006394980888168943
Maharashtra,Yavatmal,1115.0,0.017911071130244812,14806.0,0.016913913367315
Maharashtra,Total District(s),31126.0,0.5,437687.0,0.5
Manipur,Bishnupur,41.0,0.07706766917293233,642.0,0.0761927367671493
Manipur,Chandel,2.0,0.0037593984962406013,28.0,0.003323047709470686
Manipur,Churachandpur,2.0,0.0037593984962406013,40.0,0.004747211013529551
Manipur,C. I. D.,0.0,0.0,0.0,0.0
Manipur,Imphal East,59.0,0.11090225563909774,933.0,0.11072869689057678
Manipur,Imphal West,103.0,0.19360902255639098,1604.0,0.190363161642535
Manipur,Senapati,2.0,0.0037593984962406013,36.0,0.004272489912176596
Manipur,Tamenglong,0.0,0.0,0.0,0.0
Manipur,Thoubal,56.0,0.10526315789473684,910.0,0.1079990505577973
Manipur,Ukhrul,1.0,0.0018796992481203006,20.0,0.0023736055067647755
Manipur,Total District(s),266.0,0.5,4213.0,0.5
Meghalaya,Garo Hills East,8.0,0.011976047904191617,120.0,0.011496455259628282
Meghalaya,Garo Hills North,21.0,0.03143712574850299,360.0,0.034489365778884847
Meghalaya,Garo Hills South,7.0,0.010479041916167664,122.0,0.011688062847288752
Meghalaya,Garo Hills South West,20.0,0.029940119760479042,282.0,0.02701666986012646
Meghalaya,Garo Hills West,58.0,0.08682634730538923,920.0,0.08813949032381682
Meghalaya,Jaintia Hills West,17.0,0.025449101796407185,321.0,0.03075301781950565
Meghalaya,Jaintia Hills East,15.0,0.02245508982035928,248.0,0.02375934086989845
Meghalaya,Khasi Hills East,105.0,0.15718562874251496,1411.0,0.13517915309446255
Meghalaya,Khasi Hills South West,6.0,0.008982035928143712,108.0,0.010346809733665453
Meghalaya,Khasi Hills West,11.0,0.016467065868263474,172.0,0.016478252538800538
Meghalaya,Ri-Bhoi,66.0,0.09880239520958084,1155.0,0.11065338187392221
Meghalaya,Total District(s),334.0,0.5,5219.0,0.5
Mizoram,Aizawl,56.0,0.17721518987341772,884.0,0.173061863743148
Mizoram,Champhai,10.0,0.03164556962025317,170.0,0.03328112764291308
Mizoram,Kolasib,19.0,0.060126582278481014,302.0,0.0591229444009397
Mizoram,Lawngtlai,15.0,0.04746835443037975,260.0,0.05090054815974941
Mizoram,Lunglei,26.0,0.08227848101265822,414.0,0.08104933437744714
Mizoram,Mamit,12.0,0.0379746835443038,166.0,0.03249804228660924
Mizoram,Saiha,8.0,0.02531645569620253,148.0,0.028974158183241974
Mizoram,Serchhip,12.0,0.0379746835443038,210.0,0.04111198120595145
Mizoram,Spl Traffic,0.0,0.0,0.0,0.0
Mizoram,Spl Narcotic,0.0,0.0,0.0,0.0
Mizoram,Total District(s),158.0,0.5,2554.0,0.5
Nagaland,Dimapur,58.0,0.32222222222222224,971.0,0.324315297261189
Nagaland,Kiphire,0.0,0.0,0.0,0.0
Nagaland,Kohima,19.0,0.10555555555555556,290.0,0.09686038744154976
Nagaland,Longleng,0.0,0.0,0.0,0.0
Nagaland,Mokokchung,1.0,0.005555555555555556,20.0,0.006680026720106881
Nagaland,Mon,5.0,0.027777777777777776,78.0,0.026052104208416832
Nagaland,Peren,1.0,0.005555555555555556,20.0,0.006680026720106881
Nagaland,Phek,2.0,0.011111111111111112,40.0,0.013360053440213761
Nagaland,Tuensang,1.0,0.005555555555555556,18.0,0.006012024048096192
Nagaland,Wokha,2.0,0.011111111111111112,40.0,0.013360053440213761
Nagaland,Zunheboto,1.0,0.005555555555555556,20.0,0.006680026720106881
Nagaland,Total District(s),90.0,0.5,1497.0,0.5
Odisha,Angul,612.0,0.017848810079328044,8455.0,0.018754464028250366
Odisha,Balasore,1403.0,0.04091810545963603,15676.0,0.03477173011317005
Odisha,Baragarh,706.0,0.020590293980401308,9674.0,0.02145838971132987
Odisha,Berhampur,450.0,0.013124125058329444,5672.0,0.012581350676314143
Odisha,Bhadrak,672.0,0.01959869342043864,9434.0,0.020926033547310936
Odisha,Bolangir,590.0,0.017207186187587493,8502.0,0.01885871711037074
Odisha,Boudh,239.0,0.006970368642090528,2644.0,0.0058647904069419245
Odisha,Cuttack,218.0,0.00635790947270182,3420.0,0.007586075337269811
Odisha,DCP BBSR,559.0,0.016303079794680354,7710.0,0.01710194176910826
Odisha,DCP CTC,461.0,0.01344493700419972,4200.0,0.009316232870331348
Odisha,Deogarh,247.0,0.007203686420905273,3133.0,0.006949466091130503
Odisha,Dhenkanal,766.0,0.0223401773215119,8849.0,0.019628415397514785
Odisha,Gajapati,143.0,0.004170555296313579,1812.0,0.004019289038342953
Odisha,Ganjam,551.0,0.01606976201586561,7862.0,0.01743910067298692
Odisha,Jagatsinghpur,467.0,0.013619925338310778,6204.0,0.013761406839889447
Odisha,Jajpur,715.0,0.020852776481567897,9769.0,0.02166911402625403
Odisha,Jharsuguda,240.0,0.006999533364442371,3458.0,0.007670365063239476
Odisha,Kalahandi,770.0,0.022456836210919272,10688.0,0.023707594504309867
Odisha,Kandhamal,489.0,0.01426154923005133,6613.0,0.014668630469405048
Odisha,Kendrapara,604.0,0.017615492300513298,7788.0,0.017274957522414414
Odisha,Keonjhar,611.0,0.0178196453569762,8931.0,0.019810303753554588
Odisha,Khurda,329.0,0.009595193653756415,4340.0,0.009626773966009059
Odisha,Koraput,544.0,0.015865608959402706,7854.0,0.01742135546751962
Odisha,Malkangiri,162.0,0.0047246850209986,2106.0,0.004671425339266147
Odisha,Mayurbhanj,866.0,0.02525664955669622,12472.0,0.027664775323517278
Odisha,Nayagarh,309.0,0.009011899206719551,3097.0,0.006869612666527663
Odisha,Nabarangpur,666.0,0.019423705086327576,9179.0,0.02036040512304082
Odisha,Nuapada,235.0,0.006853709752683155,3224.0,0.0071513178033210155
Odisha,Puri,635.0,0.018519598693420437,6546.0,0.014520014373616429
Odisha,Rayagada,306.0,0.008924405039664022,4646.0,0.0103055280751332
Odisha,Rourkela,519.0,0.015136490900606626,6462.0,0.014333689716209802
Odisha,Sambalpur,535.0,0.015603126458236118,7419.0,0.0164564599202353
Odisha,Sonepur,181.0,0.005278814745683621,2532.0,0.005616357530399755
Odisha,SRP (Cuttack),14.0,0.00040830611292580493,226.0,0.000501302054451163
Odisha,SRP (Rourkela),15.0,0.0004374708352776482,224.0,0.0004968657530843386
Odisha,Sundargarh,314.0,0.009157722818478767,4582.0,0.010163566431394818
Odisha,"CID, CB",0.0,0.0,0.0,0.0
Odisha,HRPC,1.0,2.916472235184321e-05,10.0,2.2181506834122255e-05
Odisha,Total District(s),17144.0,0.5,225413.0,0.5
Punjab,Amritsar Rural,264.0,0.02494802494802495,4020.0,0.02642928522589807
Punjab,Barnala,126.0,0.011907011907011907,1947.0,0.012800452322095408
Punjab,Batala,146.0,0.013797013797013797,2088.0,0.013727449639720191
Punjab,Bathinda,235.0,0.022207522207522208,3476.0,0.022852784936622312
Punjab,CP Amritsar,249.0,0.02353052353052353,3382.0,0.022234786724872457
Punjab,CP Jalandhar,361.0,0.03411453411453411,5184.0,0.03408194393309841
Punjab,CP Ludhiana,653.0,0.06170856170856171,9824.0,0.06458738757692105
Punjab,Faridkot,90.0,0.008505008505008505,1367.0,0.008987271866617578
Punjab,Fatehgarh Sahib,109.0,0.010300510300510301,1553.0,0.01021011939199495
Punjab,Fazilka,165.0,0.015592515592515593,2414.0,0.01587072003366118
Punjab,Ferozepur,149.0,0.01408051408051408,2221.0,0.014601851364855626
Punjab,G. R. P.,9.0,0.0008505008505008505,136.0,0.0008941250723189396
Punjab,Gurdaspur,97.0,0.009166509166509167,1374.0,0.009033293010045759
Punjab,Hoshiarpur,292.0,0.027594027594027595,3935.0,0.025870457055698733
Punjab,Jalandhar Rural,152.0,0.014364014364014363,2283.0,0.015009467206648083
Punjab,Kapurthala,147.0,0.013891513891513892,1974.0,0.012977962446746963
Punjab,Khanna,119.0,0.011245511245511245,1750.0,0.01150528585704518
Punjab,Ludhiana Rural,122.0,0.01152901152901153,1840.0,0.01209698627255036
Punjab,Mansa,116.0,0.010962010962010962,1583.0,0.010407352863830011
Punjab,Moga,132.0,0.012474012474012475,1995.0,0.013116025877031505
Punjab,Muktsar,117.0,0.011056511056511056,1626.0,0.010690054173460264
Punjab,Pathankot,131.0,0.01237951237951238,1777.0,0.011682795981696734
Punjab,Patiala,415.0,0.03921753921753922,5782.0,0.03801346447167727
Punjab,Ropar,111.0,0.01048951048951049,1544.0,0.010150949350444433
Punjab,Sangrur,225.0,0.02126252126252126,3148.0,0.020696365644558987
Punjab,SAS Nagar,298.0,0.02816102816102816,4119.0,0.027080155682953768
Punjab,SBS Nagar,72.0,0.006804006804006804,934.0,0.006140535423131542
Punjab,Tarn Taran,189.0,0.01786051786051786,2776.0,0.01825067059380424
Punjab,Total District(s),5291.0,0.5,76052.0,0.5
Rajasthan,Ajmer,1303.0,0.02313154624533996,16354.0,0.02221956528237081
Rajasthan,Alwar,1532.0,0.027196875554766554,20355.0,0.027655573640862043
Rajasthan,Banswara,544.0,0.009657376176105095,7661.0,0.010408712830392734
Rajasthan,Baran,794.0,0.014095508609976921,10718.0,0.014562143860612104
Rajasthan,Barmer,760.0,0.013491922598970352,9885.0,0.013430378061406107
Rajasthan,Bharatpur,1208.0,0.021445055920468668,16392.0,0.02227119445448345
Rajasthan,Bhilwara,1187.0,0.021072252796023434,15040.0,0.020434282857212733
Rajasthan,Bikaner,731.0,0.012977099236641221,8788.0,0.011939925382259672
Rajasthan,Bundi,632.0,0.011219598792827978,8436.0,0.011461676209005758
Rajasthan,Chittorgarh,1013.0,0.017983312622048643,12750.0,0.01732294590621425
Rajasthan,Churu,428.0,0.007598082726788568,5510.0,0.00748622995633259
Rajasthan,Dausa,344.0,0.0061068702290076335,4518.0,0.00613843683170792
Rajasthan,Dholpur,504.0,0.008947274986685603,6329.0,0.008598974481602352
Rajasthan,Dungarpur,518.0,0.009195810402982426,7625.0,0.01035980098312813
Rajasthan,G.R.P.Ajmer,17.0,0.0003017930055032842,240.0,0.00032607898176403296
Rajasthan,G.R.P.Jodhpur,6.0,0.00010651517841292384,74.0,0.00010054101937724349
Rajasthan,Ganganagar,1266.0,0.02247470264512693,15649.0,0.021261708273438963
Rajasthan,Hanumangarh,869.0,0.01542694834013847,10822.0,0.014703444752709852
Rajasthan,Jaipur East,589.0,0.010456240014202024,8034.0,0.010915493914551003
Rajasthan,Jaipur North,523.0,0.009284573051659861,6718.0,0.009127494164544888
Rajasthan,Jaipur Rural,596.0,0.010580507722350434,8055.0,0.010944025825455356
Rajasthan,Jaipur South,429.0,0.007615835256524055,5604.0,0.007613944224190169
Rajasthan,Jaipur West,638.0,0.011326113971240902,8247.0,0.011204889010866583
Rajasthan,Jaisalmer,118.0,0.0020947985087875023,1546.0,0.002100492107529979
Rajasthan,Jalore,300.0,0.005325758920646192,3628.0,0.004929227274332965
Rajasthan,Jhalawar,987.0,0.017521746848925972,13225.0,0.01796831055762223
Rajasthan,Jhunjhunu,545.0,0.009675128705840582,6973.0,0.009473953082669174
Rajasthan,Jodhpur East,425.0,0.007544825137582105,5460.0,0.00741829683513175
Rajasthan,Jodhpur West,388.0,0.006887981537369075,4756.0,0.0064617984886239195
Rajasthan,Jodhpur Rural,415.0,0.007367299840227232,5586.0,0.007589488300557867
Rajasthan,Karauli,500.0,0.008876264867743653,6719.0,0.009128852826968906
Rajasthan,Kota City,858.0,0.01523167051304811,11174.0,0.015181693925963767
Rajasthan,Kota Rural,478.0,0.008485709213562932,6446.0,0.008757937985212318
Rajasthan,Nagaur,881.0,0.01563997869696432,11324.0,0.015385493289566288
Rajasthan,Pali,956.0,0.016971418427125864,12285.0,0.016691167879046436
Rajasthan,Pratapgarh,739.0,0.013119119474525119,10842.0,0.014730618001190188
Rajasthan,Rajsamand,474.0,0.008414699094620984,5986.0,0.008132953270164589
Rajasthan,Sawai Madhopur,539.0,0.009568613527427659,6917.0,0.009397867986924232
Rajasthan,Sikar,695.0,0.012338008166163678,8822.0,0.011986119904676244
Rajasthan,Sirohi,450.0,0.007988638380969288,5998.0,0.00814925721925279
Rajasthan,Tonk,539.0,0.009568613527427659,6727.0,0.00913972212636104
Rajasthan,Udaipur,1447.0,0.025687910527250134,19791.0,0.026889288033716565
Rajasthan,Jaipur Metro,0.0,0.0,0.0,0.0
Rajasthan,Total District(s),28165.0,0.5,368009.0,0.5
Sikkim,East,38.0,0.3584905660377358,575.0,0.3476420798065296
Sikkim,North,1.0,0.009433962264150943,14.0,0.008464328899637243
Sikkim,South,8.0,0.07547169811320754,136.0,0.08222490931076179
Sikkim,West,6.0,0.05660377358490566,102.0,0.06166868198307134
Sikkim,Total District(s),53.0,0.5,827.0,0.5
Tamil Nadu,Ariyalur,33.0,0.0028219599794766545,470.0,0.0033729959380517003
Tamil Nadu,Chennai,523.0,0.044723789977766375,3782.0,0.02714185242066283
Tamil Nadu,Coimbatore,96.0,0.008209338122113904,1114.0,0.007994718031892754
Tamil Nadu,Coimbatore City,104.0,0.008893449632290064,782.0,0.00561209111394985
Tamil Nadu,Cuddalore,196.0,0.016760731999315888,2770.0,0.01987914627319832
Tamil Nadu,Dharmapuri,178.0,0.015221481101419531,2807.0,0.020144679995981112
Tamil Nadu,Dindigul,338.0,0.028903711304942705,4648.0,0.03335677685120064
Tamil Nadu,Erode,69.0,0.005900461775269369,826.0,0.005927860946448307
Tamil Nadu,Kanchipuram,56.0,0.004788780571233111,820.0,0.005884801423834881
Tamil Nadu,Kanyakumari,165.0,0.014109799897383273,1182.0,0.008482725954844913
Tamil Nadu,Karur,63.0,0.00538737814263725,554.0,0.003975829254639664
Tamil Nadu,Krishnagiri,176.0,0.015050453223875491,2609.0,0.018723715749738055
Tamil Nadu,Madurai,601.0,0.05139387720198392,6776.0,0.048628554204762385
Tamil Nadu,Madurai City,152.0,0.012998118693347016,1720.0,0.012343729815848775
Tamil Nadu,Nagapattinam,110.0,0.009406533264922183,1494.0,0.010721821130743063
Tamil Nadu,Namakkal,85.0,0.007268684795621687,1265.0,0.00907838268433064
Tamil Nadu,Nilgiris,46.0,0.003933641183512912,348.0,0.002497452311578706
Tamil Nadu,Perambalur,51.0,0.004361210877373012,658.0,0.00472219431327238
Tamil Nadu,Pudukottai,66.0,0.005643919958953309,868.0,0.0062292776047422884
Tamil Nadu,Ramnathapuram,139.0,0.011886437489310758,1676.0,0.012027959983350317
Tamil Nadu,Railway Chennai,10.0,0.0008551393877201984,130.0,0.0009329563232908958
Tamil Nadu,Railway Trichy,2.0,0.0001710278775440397,28.0,0.0002009444388626545
Tamil Nadu,Salem,253.0,0.02163502650932102,3756.0,0.02695526115600465
Tamil Nadu,Salem City,62.0,0.00530186420386523,774.0,0.005554678417131948
Tamil Nadu,Sivagangai,206.0,0.017615871387036085,2879.0,0.020661394267342224
Tamil Nadu,Thanjavur,128.0,0.01094578416281854,1576.0,0.011310301273126553
Tamil Nadu,Theni,146.0,0.012485035060714897,1872.0,0.0134345710553889
Tamil Nadu,Thirunelveli,289.0,0.024713528305113735,3475.0,0.02493864018027587
Tamil Nadu,Thirunelveli City,37.0,0.003164015734564734,258.0,0.0018515594723773163
Tamil Nadu,Thiruvallur,34.0,0.0029074739182486744,376.0,0.00269839675044136
Tamil Nadu,Thiruvannamalai,128.0,0.01094578416281854,1579.0,0.011331831034433264
Tamil Nadu,Thiruvarur,78.0,0.006670087224217547,1017.0,0.0072985890829757
Tamil Nadu,Thoothukudi,176.0,0.015050453223875491,2075.0,0.014891418237143144
Tamil Nadu,Tiruppur,84.0,0.007183170856849667,1084.0,0.007779420418825623
Tamil Nadu,Tiruppur City,38.0,0.003249529673336754,294.0,0.002109916608057872
Tamil Nadu,Trichy,122.0,0.01043270053018642,1425.0,0.010226636620688666
Tamil Nadu,Trichy City,64.0,0.00547289208140927,587.0,0.004212656629013507
Tamil Nadu,Vellore,179.0,0.015306995040191552,2072.0,0.01486988847583643
Tamil Nadu,Villupuram,373.0,0.0318966991619634,5576.0,0.040016649682077195
Tamil Nadu,Virudhunagar,191.0,0.01633316230545579,1669.0,0.011977723873634655
Tamil Nadu,Cyber Cell,0.0,0.0,0.0,0.0
Tamil Nadu,Other Units,0.0,0.0,0.0,0.0
Tamil Nadu,Total District(s),5847.0,0.5,69671.0,0.5
Telangana,Adilabad,953.0,0.03148331681532871,11255.0,0.031161575050805412
Telangana,Cyberabad,2994.0,0.09890981169474727,32465.0,0.08988543172140362
Telangana,Hyderabad City,2405.0,0.07945160224644864,27242.0,0.07542457819049676
Telangana,Karimnagar,1563.0,0.051635282457879086,18898.0,0.05232265173790499
Telangana,Khammam,1397.0,0.046151304922365376,17880.0,0.049504128112696645
Telangana,Mahaboob Nagar,1070.0,0.03534852989758837,14956.0,0.041408486580172876
Telangana,Medak,1019.0,0.03366369342583416,12561.0,0.03477748060534578
Telangana,Nalgonda,1533.0,0.05064420218037661,18705.0,0.051788295097762345
Telangana,Nizamabad,779.0,0.025735051205814336,8820.0,0.02441982158579331
Telangana,Ranga Reddy,294.0,0.009712586719524281,3672.0,0.010166619598983339
Telangana,Secunderabad Railway,15.0,0.0004955401387512388,202.0,0.0005592748254342686
Telangana,Warangal Rural,607.0,0.02005285761480013,7871.0,0.0217923373811541
Telangana,Warangal City,506.0,0.01671622068054179,6064.0,0.01678931951204656
Telangana,Total District(s),15135.0,0.5,180591.0,0.5
Tripura,Dhalai,120.0,0.0473559589581689,1687.0,0.049327485380116956
Tripura,Gomati,175.0,0.06906077348066299,2200.0,0.06432748538011696
Tripura,G. R. P.,0.0,0.0,0.0,0.0
Tripura,Kowai,98.0,0.03867403314917127,1379.0,0.040321637426900585
Tripura,North,158.0,0.062352012628255724,2122.0,0.062046783625730996
Tripura,Sipahijala,167.0,0.06590370955011839,2227.0,0.06511695906432749
Tripura,South,184.0,0.07261247040252565,2432.0,0.07111111111111111
Tripura,Unakoti,57.0,0.02249408050513023,861.0,0.02517543859649123
Tripura,West,308.0,0.12154696132596685,4192.0,0.12257309941520468
Tripura,Total District(s),1267.0,0.5,17100.0,0.5
Uttar Pradesh,Agra,1184.0,0.01666338277929462,15733.0,0.01746496572057831
Uttar Pradesh,Aligarh,954.0,0.013426408083992456,13016.0,0.014448865049198963
Uttar Pradesh,Allahabad,945.0,0.01329974385678498,11942.0,0.013256633867358175
Uttar Pradesh,Ambedkar Nagar,259.0,0.0036451149829706984,2793.0,0.0031004671237256226
Uttar Pradesh,Amethi,260.0,0.0036591887859937513,3120.0,0.0034634648857944654
Uttar Pradesh,Amroha,447.0,0.006290989951304641,4126.0,0.004580210294483322
Uttar Pradesh,Auraiya,482.0,0.006783573057111493,5852.0,0.006496216830663209
Uttar Pradesh,Azamgarh,442.0,0.006220620936189377,4339.0,0.004816658378032752
Uttar Pradesh,Badaun,585.0,0.008233174768485941,8413.0,0.009339144257752834
Uttar Pradesh,Baghpat,426.0,0.005995440087820531,4605.0,0.005111940961244716
Uttar Pradesh,Bahraich,489.0,0.006882089678272863,4098.0,0.0045491279173031154
Uttar Pradesh,Ballia,292.0,0.004109550482731443,3447.0,0.0038264626478633087
Uttar Pradesh,Balrampur,104.0,0.0014636755143975005,1501.0,0.00166623743383894
Uttar Pradesh,Banda,311.0,0.004376952740169448,4134.0,0.004589090973677667
Uttar Pradesh,Barabanki,258.0,0.0036310411799476455,2746.0,0.003048293133458847
Uttar Pradesh,Bareilly,1019.0,0.014341205280490894,13908.0,0.015439060779368406
Uttar Pradesh,Basti,183.0,0.0025755059532186785,2194.0,0.002435526269049057
Uttar Pradesh,Bijnor,742.0,0.010442761843105244,7718.0,0.00856763525274413
Uttar Pradesh,Bulandshahar,917.0,0.012905677372139499,9490.0,0.0105347056942915
Uttar Pradesh,Chandoli,263.0,0.00370141019506291,3216.0,0.003570033036126603
Uttar Pradesh,Chitrakoot,172.0,0.002420694119965097,2430.0,0.002697506305282228
Uttar Pradesh,Deoria,308.0,0.00433473133110029,4444.0,0.004933217292458527
Uttar Pradesh,Etah,340.0,0.004785093027837983,4477.0,0.004969850094135199
Uttar Pradesh,Etawah,478.0,0.006727277845019281,6071.0,0.0067393254236083975
Uttar Pradesh,Faizabad,312.0,0.0043910265431925015,3281.0,0.003642188554580654
Uttar Pradesh,Fatehgarh,355.0,0.004996200073183776,4360.0,0.004839970160917907
Uttar Pradesh,Fatehpur,476.0,0.006699130238973176,6645.0,0.007376514155802635
Uttar Pradesh,Firozabad,678.0,0.009542038449629859,9102.0,0.010103992753365777
Uttar Pradesh,G. R. P.,122.0,0.0017170039688124525,1794.0,0.0019914923093318176
Uttar Pradesh,Gautambudh Nagar,522.0,0.007346525178033608,5895.0,0.006543950481332812
Uttar Pradesh,Ghaziabad,1330.0,0.018718158020660344,18483.0,0.020517699193634328
Uttar Pradesh,Ghazipur,447.0,0.006290989951304641,6254.0,0.0069424709601790344
Uttar Pradesh,Gonda,229.0,0.0032229008922791116,2796.0,0.003103797378423502
Uttar Pradesh,Gorakhpur,662.0,0.009316857601261013,9597.0,0.01065348477851586
Uttar Pradesh,Hamirpur,386.0,0.005432487966898415,5120.0,0.005683634684380661
Uttar Pradesh,Hapur,288.0,0.004053255270639232,4130.0,0.004584650634080495
Uttar Pradesh,Hardoi,488.0,0.00686801587524981,6163.0,0.006841453234343362
Uttar Pradesh,Hathras,328.0,0.004616207391561347,4600.0,0.005106390536748251
Uttar Pradesh,Jalaun,164.0,0.0023081036957806737,2000.0,0.002220169798586196
Uttar Pradesh,Jaunpur,292.0,0.004109550482731443,4048.0,0.0044936236723384605
Uttar Pradesh,Jhansi,552.0,0.007768739268725195,7287.0,0.008089188661148805
Uttar Pradesh,Kannauj,284.0,0.0039969600585470205,3848.0,0.004271606692479841
Uttar Pradesh,Kanpur Dehat,472.0,0.006642835026880964,6045.0,0.006710463216226777
Uttar Pradesh,Kanpur Nagar,1314.0,0.018492977172291498,16957.0,0.01882370963731306
Uttar Pradesh,Kasganj,235.0,0.003307343710417429,3244.0,0.0036011154133068096
Uttar Pradesh,Kaushambi,406.0,0.005713964027359473,5305.0,0.005889000390749885
Uttar Pradesh,Khiri,495.0,0.0069665324964111805,6530.0,0.00724885439238393
Uttar Pradesh,Kushi Nagar,348.0,0.0048976834520224055,5077.0,0.005635901033711058
Uttar Pradesh,Lalitpur,153.0,0.002153291862527092,2182.0,0.0024222052502575397
Uttar Pradesh,Lucknow,1762.0,0.02479804092661919,22268.0,0.024719370537458703
Uttar Pradesh,Maharajganj,225.0,0.0031666056801869,2878.0,0.0031948243401655357
Uttar Pradesh,Mahoba,244.0,0.003434007937624905,3438.0,0.003816471883769671
Uttar Pradesh,Mainpuri,333.0,0.004686576406676612,3609.0,0.00400629640154879
Uttar Pradesh,Mathura,597.0,0.008402060404762575,7680.0,0.008525452026570993
Uttar Pradesh,Mau,194.0,0.0027303177864722605,2400.0,0.002664203758303435
Uttar Pradesh,Meerut,859.0,0.012089396796802432,11203.0,0.012436281126780576
Uttar Pradesh,Mirzapur,96.0,0.0013510850902130774,868.0,0.000963553692586409
Uttar Pradesh,Moradabad,846.0,0.011906437357502745,11706.0,0.012994653831125004
Uttar Pradesh,Muzaffarnagar,572.0,0.008050215329186252,7478.0,0.008301214876913786
Uttar Pradesh,Pilibhit,393.0,0.005531004588059786,5487.0,0.006091035842421228
Uttar Pradesh,Pratapgarh,546.0,0.007684296450586878,7689.0,0.00853544279066463
Uttar Pradesh,Raibareilly,308.0,0.00433473133110029,3758.0,0.004171699051543462
Uttar Pradesh,Rampur,431.0,0.0060658091029357954,5746.0,0.006378547831338141
Uttar Pradesh,Saharanpur,641.0,0.009021307737776901,8774.0,0.009739884906397642
Uttar Pradesh,Sambhal,426.0,0.005995440087820531,4386.0,0.004868832368299527
Uttar Pradesh,Sant Kabirnagar,139.0,0.0019562586202043516,1915.0,0.0021258125821462825
Uttar Pradesh,Shahjahanpur,473.0,0.006656908829904017,6652.0,0.007384284750097688
Uttar Pradesh,Shamli,228.0,0.0032088270892560587,3069.0,0.0034068505559305177
Uttar Pradesh,Shrawasti,138.0,0.0019421848171812988,1360.0,0.0015097154630386131
Uttar Pradesh,Sidharthnagar,209.0,0.002941424831818054,2742.0,0.0030438527938616744
Uttar Pradesh,Sitapur,607.0,0.008542798434993103,8280.0,0.00919150296614685
Uttar Pradesh,Sonbhadra,129.0,0.0018155205899738228,1258.0,0.0013964868033107172
Uttar Pradesh,Bhadohi,110.0,0.001548118332535818,1094.0,0.0012144328798266491
Uttar Pradesh,Sultanpur,351.0,0.0049399048610915645,3867.0,0.00429269830556641
Uttar Pradesh,Unnao,724.0,0.010189433388690291,8354.0,0.00927364924869454
Uttar Pradesh,Varanasi,748.0,0.010527204661243562,7901.0,0.008770780789314767
Uttar Pradesh,Total District(s),35527.0,0.5,450416.0,0.5
Uttarakhand,Almora,33.0,0.011355815554026153,557.0,0.013552311435523115
Uttarakhand,Bageshwar,31.0,0.010667584308327599,472.0,0.01148418491484185
Uttarakhand,Chamoli,35.0,0.012044046799724708,578.0,0.014063260340632603
Uttarakhand,Champawat,14.0,0.004817618719889883,231.0,0.005620437956204379
Uttarakhand,Dehradun,343.0,0.11803165863730214,4337.0,0.10552311435523114
Uttarakhand,Haridwar,332.0,0.11424638678596008,4835.0,0.11763990267639902
Uttarakhand,Nainital,138.0,0.047487955953200274,2061.0,0.050145985401459856
Uttarakhand,Pauri Garhwal,48.0,0.016517549896765314,726.0,0.017664233576642336
Uttarakhand,Pithoragarh,21.0,0.0072264280798348245,238.0,0.005790754257907543
Uttarakhand,Rudra Prayag,8.0,0.0027529249827942187,84.0,0.0020437956204379564
Uttarakhand,Tehri Garhwal,31.0,0.010667584308327599,492.0,0.01197080291970803
Uttarakhand,Udhamsingh Nagar,382.0,0.13145216792842396,5357.0,0.13034063260340634
Uttarakhand,Uttarkashi,37.0,0.012732278045423262,582.0,0.01416058394160584
Uttarakhand,Total District(s),1453.0,0.5,20550.0,0.5
West Bengal,North 24 Parganas,2690.0,0.04049009573123006,31952.0,0.04003097038018898
West Bengal,South 24 Parganas,4073.0,0.06130712264434945,46157.0,0.05782766336499696
West Bengal,Alipurduar,553.0,0.00832380034920826,7020.0,0.008794986607064554
West Bengal,Asansol-Durgapur PC,668.0,0.010054789571918838,7942.0,0.009950111628676166
West Bengal,Bankura,613.0,0.009226925161057258,7497.0,0.009392594671390735
West Bengal,Barrackpur PC,1738.0,0.02616051538322596,19874.0,0.02489908316649586
West Bengal,Bidhannagar PC,532.0,0.008007706665061112,6118.0,0.007664918527353411
West Bengal,Birbhum,508.0,0.007646456740321513,6068.0,0.007602276172602239
West Bengal,Burdwan,1301.0,0.019582756336925765,15929.0,0.01995660137662839
West Bengal,Coochbehar,1169.0,0.01759588175085797,14807.0,0.018550906936012086
West Bengal,Dakshin Dinajpur,562.0,0.00845926907098561,6932.0,0.008684736062702491
West Bengal,Darjeeling,404.0,0.00608104039978325,5036.0,0.006309337970538047
West Bengal,Hooghly,1677.0,0.025242338491179482,19350.0,0.02424259128870358
West Bengal,Howrah G. R. P.,22.0,0.00033114576434463243,338.0,0.000423462318117923
West Bengal,Howrah PC,853.0,0.012839424408453249,9978.0,0.012500908314143891
West Bengal,Howrah Rural,1112.0,0.01673791317960142,12713.0,0.015927445119033004
West Bengal,Jalpaiguri,764.0,0.011499789270877235,10180.0,0.012753983427338626
West Bengal,Jhargram Police District,202.0,0.003040520199891625,2496.0,0.0031271063491785083
West Bengal,Kharagpur G. R. P.,12.0,0.00018062496236979952,152.0,0.000190432758443563
West Bengal,Kolkata,1919.0,0.028884941898970437,22769.0,0.028526075506588724
West Bengal,Malda,1175.0,0.01768619423204287,15179.0,0.019016966055360806
West Bengal,Murshidabad,2984.0,0.044915407309290147,36855.0,0.04617367968708891
West Bengal,Nadia,2331.0,0.03508639894033355,27622.0,0.03460614245873748
West Bengal,Paschim Medinipur,1653.0,0.024881088566439884,20712.0,0.025948969032125506
West Bengal,Purab Medinipur,1355.0,0.02039556866758986,15641.0,0.019595781413261636
West Bengal,Purulia,538.0,0.008098019146246012,7091.0,0.008883938750811218
West Bengal,Sealdah G. R. P.,44.0,0.0006622915286892649,608.0,0.000761731033774252
West Bengal,Siliguri G. R. P.,11.0,0.00016557288217231621,154.0,0.00019293845263360988
West Bengal,Siliguri PC,954.0,0.01435968450839906,12154.0,0.015227103592914898
West Bengal,Uttar Dinajpur,801.0,0.012056716238184117,9767.0,0.012236557577093946
West Bengal,Total District(s),33218.0,0.5,399091.0,0.5
A & N Islands,South Andaman,79.0,0.29044117647058826,1200.0,0.2827521206409048
A & N Islands,North & Middle Andaman,53.0,0.1948529411764706,860.0,0.20263901979264845
A & N Islands,Nicobar,4.0,0.014705882352941176,62.0,0.014608859566446749
A & N Islands,Total District(s),136.0,0.5,2122.0,0.5
Chandigarh,Chandigarh,463.0,0.5,6972.0,0.5
Chandigarh,Total District(s),463.0,0.5,6972.0,0.5
D&N Haveli,D&N Haveli,25.0,0.5,412.0,0.5
D&N Haveli,Total District(s),25.0,0.5,412.0,0.5
Daman & Diu,Daman,22.0,0.39285714285714285,368.0,0.39826839826839827
Daman & Diu,Diu,6.0,0.10714285714285714,94.0,0.10173160173160173
Daman & Diu,Total District(s),28.0,0.5,462.0,0.5
Delhi UT,Central,715.0,0.020901543498596818,10478.0,0.02113693213911079
Delhi UT,Crime Branch,3.0,8.769878391019644e-05,58.0,0.00011700153312353748
Delhi UT,East,1926.0,0.05630261927034612,27544.0,0.055563624626805454
Delhi UT,EOW,6.0,0.00017539756782039288,84.0,0.00016945049624788187
Delhi UT,IGI Airport,20.0,0.0005846585594013096,270.0,0.0005446623093681918
Delhi UT,Metro,24.0,0.0007015902712815715,353.0,0.0007120955378035988
Delhi UT,New Delhi,114.0,0.003332553788587465,1760.0,0.00355039134995562
Delhi UT,North,517.0,0.015113423760523855,7597.0,0.015325183571370936
Delhi UT,North-East,1796.0,0.0525023386342376,26522.0,0.05350197692245622
Delhi UT,North-West,1329.0,0.038850561272217025,19451.0,0.03923787622044703
Delhi UT,Outer,2284.0,0.06676800748362956,33127.0,0.06682603082385218
Delhi UT,RAILWAY,41.0,0.0011985500467726847,689.0,0.0013898975227951264
Delhi UT,South,2712.0,0.07927970065481758,38963.0,0.07859880577745501
Delhi UT,South-East,1741.0,0.050894527595884004,25677.0,0.051797385620915036
Delhi UT,South-West,1766.0,0.05162535079513564,25466.0,0.051371742112482854
Delhi UT,Spl Cell,1.0,2.9232927970065482e-05,14.0,2.8241749374646977e-05
Delhi UT,SPUWAC,157.0,0.004589569691300281,1570.0,0.0031671104655854113
Delhi UT,Vigilance,0.0,0.0,0.0,0.0
Delhi UT,West,1952.0,0.05706267539756782,28237.0,0.05696159122085048
Delhi UT,Total District(s),17104.0,0.5,247860.0,0.5
Lakshadweep,Lakshadweep,9.0,0.5,114.0,0.5
Lakshadweep,Total District(s),9.0,0.5,114.0,0.5
Puducherry,Karaikal,12.0,0.075,160.0,0.0861141011840689
Puducherry,Puducherry,68.0,0.425,769.0,0.41388589881593113
Puducherry,Total District(s),80.0,0.5,929.0,0.5
Puducherry,,,,,
